id,location_id,organization_id,service_id,name,title,email,department
100,,100,,Barde Burdus,Senior Financial Analyst,bburdus2l@studiopress.com,
101,,101,,Cort Sworne,Technical Writer,csworne2m@etsy.com,
102,,102,,Ferdinand Dedam,Legal Assistant,fdedam2n@japanpost.jp,
103,,103,,Madelle Le Floch,Research Associate,mle2o@unc.edu,
104,,104,,Tiphany Rogerot,Automation Specialist I,trogerot2p@mozilla.com,
105,,105,,Henriette Dyball,Librarian,hdyball2q@linkedin.com,
106,,106,,Dael Surmeir,VP Accounting,dsurmeir2r@timesonline.co.uk,
107,,107,,Enos Rees,Automation Specialist I,erees2s@house.gov,
108,,108,,Petrina Torregiani,Programmer Analyst II,ptorregiani2t@edublogs.org,
109,,109,,Pace Walesa,Biostatistician II,pwalesa2u@qq.com,
110,,110,,Nye Dwire,Senior Editor,ndwire2v@histats.com,
111,,111,,Jermaine Hartgill,Developer III,jhartgill2w@deliciousdays.com,
112,,112,,Hale Wells,Chief Design Engineer,hwells2x@mlb.com,
113,,113,,Dee Silley,Senior Developer,dsilley2y@soup.io,
114,,114,,Matias Van Bruggen,Speech Pathologist,mvan2z@bloglines.com,
115,,115,,Modesty Johantges,Chemical Engineer,mjohantges30@vk.com,
116,,116,,Tabor Barles,GIS Technical Architect,tbarles31@tamu.edu,
117,,117,,Christopher Martill,Sales Representative,cmartill32@blogs.com,
118,,118,,Wenda Rayworth,Automation Specialist IV,wrayworth33@booking.com,
119,,119,,Austine Fortoun,Nurse,afortoun34@homestead.com,
120,,120,,Nathaniel Chasteney,Junior Executive,nchasteney35@yahoo.com,
121,,121,,Kellsie Zellmer,Pharmacist,kzellmer36@webmd.com,
122,,122,,Janean Sadlier,Analog Circuit Design manager,jsadlier37@joomla.org,
123,,123,,Amalle Yetton,Internal Auditor,ayetton38@msn.com,
124,,124,,Florenza Swindells,Clinical Specialist,fswindells39@patch.com,
125,,125,,Jaimie Leavy,Administrative Assistant III,jleavy3a@un.org,
126,,126,,Desirae Persich,Payment Adjustment Coordinator,dpersich3b@bluehost.com,
127,,127,,Hobard Dury,Health Coach IV,hdury3c@aol.com,
128,,128,,Arnold Haithwaite,Biostatistician I,ahaithwaite3d@51.la,
129,,129,,Luce Poulgreen,Junior Executive,lpoulgreen3e@apache.org,
130,,130,,Maressa Burder,Chemical Engineer,mburder3f@ucoz.ru,
131,,131,,Rycca Weinham,Chief Design Engineer,rweinham3g@washingtonpost.com,
132,,132,,Saw Caldicot,Web Developer IV,scaldicot3h@psu.edu,
133,,133,,Magda Buckenham,Accounting Assistant II,mbuckenham3i@apple.com,
134,,134,,Nahum Lewton,Assistant Media Planner,nlewton3j@reverbnation.com,
135,,135,,Rosie Klainman,Account Representative III,rklainman3k@wikispaces.com,
136,,136,,Tris Gercke,Computer Systems Analyst I,tgercke3l@bizjournals.com,
137,,137,,Dru Staddon,Tax Accountant,dstaddon3m@utexas.edu,
138,,138,,Shani Benditt,Staff Scientist,sbenditt3n@aboutads.info,
139,,139,,Andy Triplow,Software Test Engineer IV,atriplow3o@berkeley.edu,
140,,140,,Shurlocke Ryley,Accountant II,sryley3p@imageshack.us,
141,,141,,Carlos Lownsbrough,Librarian,clownsbrough3q@infoseek.co.jp,
142,,142,,Solomon Manes,GIS Technical Architect,smanes3r@shutterfly.com,
143,,143,,Hashim Eastham,Pharmacist,heastham3s@cam.ac.uk,
144,,144,,Leticia Goult,Librarian,lgoult3t@devhub.com,
145,,145,,Sherlocke Gellier,Software Engineer II,sgellier3u@tinyurl.com,
146,,146,,Carline Montford,Biostatistician III,cmontford3v@dion.ne.jp,
147,,147,,Mindy Corish,Registered Nurse,mcorish3w@mapquest.com,
148,,148,,Betteanne Bailey,Biostatistician I,bbailey3x@nyu.edu,
149,,149,,Matthias Mutter,Statistician II,mmutter3y@telegraph.co.uk,
150,,150,,Bronson Prandin,Pharmacist,bprandin3z@prlog.org,
151,,151,,Henderson Owtram,Actuary,howtram40@alibaba.com,
152,,152,,Cort Sigward,Senior Financial Analyst,csigward41@yellowbook.com,
153,,153,,Barby Boggas,Senior Sales Associate,bboggas42@reuters.com,
154,,154,,Valery Warriner,Actuary,vwarriner43@last.fm,
155,,155,,Flemming Brimilcombe,VP Accounting,fbrimilcombe44@hostgator.com,
156,,156,,Cash Salisbury,General Manager,csalisbury45@wufoo.com,
